"","SNP","exposure","id.exposure","effect_allele.exposure","other_allele.exposure","eaf.exposure","beta.exposure","se.exposure","pval.exposure"
"1","rs1012167","Birthweight","PAslmM","T","C",0.599567,-0.024145,0.002661,1.2e-19
"2","rs10181515","Birthweight","PAslmM","C","T",0.775444,-0.021433,0.003048,2.13e-12
"3","rs10221267","Birthweight","PAslmM","C","T",0.488394,-0.016717,0.002558,6.52e-11
"4","rs10265057","Birthweight","PAslmM","A","G",0.908483,-0.027313,0.004498,1.3e-09
"5","rs10283100","Birthweight","PAslmM","A","G",0.054129,-0.041928,0.005836,7.01e-13
"6","rs10437653","Birthweight","PAslmM","A","C",0.509553,0.009914,0.002587,0.000128
"7","rs10495563","Birthweight","PAslmM","G","A",0.335993,-0.022148,0.002693,2.06e-16
"8","rs10872678","Birthweight","PAslmM","T","C",0.723816,0.031699,0.002848,9.78e-29
"9","rs10883846","Birthweight","PAslmM","C","T",0.614989,0.016841,0.002618,1.3e-10
"10","rs10895278","Birthweight","PAslmM","T","C",0.662303,-0.01089,0.002727,6.56e-05
"11","rs10913200","Birthweight","PAslmM","G","A",0.972158,0.051218,0.008047,2.02e-10
"12","rs10935733","Birthweight","PAslmM","T","C",0.399388,0.019369,0.002641,2.33e-13
"13","rs10985827","Birthweight","PAslmM","T","G",0.859061,-0.029972,0.003703,6.1e-16
"14","rs11042596","Birthweight","PAslmM","T","G",0.336246,0.026856,0.002777,4.33e-22
"15","rs11051061","Birthweight","PAslmM","G","A",0.733633,-0.011344,0.002923,0.000105
"16","rs11082304","Birthweight","PAslmM","G","T",0.491864,-0.015966,0.002554,4.22e-10
"17","rs1112718","Birthweight","PAslmM","A","G",0.595901,-0.025684,0.00259,3.78e-23
"18","rs112139215","Birthweight","PAslmM","C","A",0.93248,-0.047472,0.005142,2.81e-20
"19","rs1129156","Birthweight","PAslmM","T","C",0.268561,0.017352,0.002909,2.53e-09
"20","rs11641308","Birthweight","PAslmM","T","C",0.35039,0.00687,0.002752,0.012577
"21","rs116807401","Birthweight","PAslmM","T","C",0.982436,-0.076602,0.010437,2.23e-13
"22","rs11698914","Birthweight","PAslmM","C","G",0.233612,0.031861,0.003107,1.21e-24
"23","rs11708067","Birthweight","PAslmM","A","G",0.76245,-0.040866,0.002989,1.59e-42
"24","rs11711420","Birthweight","PAslmM","T","G",0.74671,0.018654,0.002964,3.22e-10
"25","rs11867479","Birthweight","PAslmM","C","T",0.64661,-0.017213,0.002664,1.08e-10
"26","rs11983722","Birthweight","PAslmM","A","T",0.937628,0.031888,0.005377,3.1e-09
"27","rs12401656","Birthweight","PAslmM","G","A",0.865112,0.025183,0.003795,3.36e-11
"28","rs12461110","Birthweight","PAslmM","G","A",0.642006,-0.005983,0.002716,0.02762
"29","rs13257363","Birthweight","PAslmM","G","A",0.590761,0.01757,0.002618,2.01e-11
"30","rs13266210","Birthweight","PAslmM","A","G",0.786195,0.0268,0.003142,1.54e-17
"31","rs13271368","Birthweight","PAslmM","C","T",0.761298,0.020223,0.003022,2.3e-11
"32","rs134594","Birthweight","PAslmM","C","T",0.350594,0.016799,0.002709,5.76e-10
"33","rs138715366","Birthweight","PAslmM","C","T",0.991197,0.239889,0.014538,4.04e-61
"34","rs1411424","Birthweight","PAslmM","G","A",0.477135,-0.019892,0.002587,1.54e-14
"35","rs147110934","Birthweight","PAslmM","G","T",0.975416,0.05233,0.008669,1.62e-09
"36","rs1482852","Birthweight","PAslmM","A","G",0.598574,0.050395,0.002618,1.58e-82
"37","rs17033114","Birthweight","PAslmM","T","C",0.940036,0.01571,0.005898,0.007746
"38","rs17034876","Birthweight","PAslmM","C","T",0.299629,-0.042243,0.002925,3.11e-47
"39","rs17367504","Birthweight","PAslmM","A","G",0.839471,-0.011543,0.003453,0.000833
"40","rs1818782","Birthweight","PAslmM","A","C",0.35132,-0.014776,0.002743,7.37e-08
"41","rs186606513","Birthweight","PAslmM","G","A",0.977869,0.060699,0.010193,2.68e-09
"42","rs1981627","Birthweight","PAslmM","A","G",0.415155,-0.017083,0.002629,8.36e-11
"43","rs2045457","Birthweight","PAslmM","G","A",0.311648,0.016194,0.002786,6.32e-09
"44","rs2168443","Birthweight","PAslmM","T","A",0.379207,0.016595,0.00265,3.89e-10
"45","rs220193","Birthweight","PAslmM","A","G",0.225732,0.020584,0.003116,4.07e-11
"46","rs222857","Birthweight","PAslmM","C","T",0.424408,-0.026478,0.002579,1.06e-24
"47","rs2229742","Birthweight","PAslmM","G","C",0.880836,0.027215,0.004175,7.35e-11
"48","rs2237467","Birthweight","PAslmM","G","A",0.779162,-0.018178,0.003112,5.34e-09
"49","rs2280235","Birthweight","PAslmM","A","G",0.741043,-0.018251,0.002957,6.9e-10
"50","rs2282978","Birthweight","PAslmM","T","C",0.673948,-0.018251,0.002709,1.66e-11
"51","rs2306547","Birthweight","PAslmM","C","T",0.534191,0.018719,0.002582,4.35e-13
"52","rs2306700","Birthweight","PAslmM","C","T",0.864261,-0.022762,0.003782,1.81e-09
"53","rs2551347","Birthweight","PAslmM","C","T",0.250548,-0.02446,0.002971,1.93e-16
"54","rs2779165","Birthweight","PAslmM","G","C",0.18416,0.022108,0.003394,7.59e-11
"55","rs28365970","Birthweight","PAslmM","C","A",0.74158,0.019868,0.002948,1.65e-11
"56","rs28457693","Birthweight","PAslmM","A","G",0.890725,-0.044196,0.004212,9.89e-26
"57","rs28505901","Birthweight","PAslmM","A","G",0.248632,0.024438,0.003085,2.46e-15
"58","rs2928148","Birthweight","PAslmM","G","A",0.473869,-0.006118,0.00258,0.017757
"59","rs2934844","Birthweight","PAslmM","A","T",0.32829,-0.020752,0.002816,1.8e-13
"60","rs2946179","Birthweight","PAslmM","T","C",0.266507,-0.019781,0.002912,1.14e-11
"61","rs3184504","Birthweight","PAslmM","T","C",0.479244,-0.022966,0.002554,2.57e-19
"62","rs339969","Birthweight","PAslmM","C","A",0.380652,-0.016841,0.002651,2.18e-10
"63","rs34471628","Birthweight","PAslmM","A","G",0.96178,0.017639,0.006791,0.009408
"64","rs34776209","Birthweight","PAslmM","C","T",0.755328,0.023223,0.002991,8.53e-15
"65","rs35261542","Birthweight","PAslmM","C","A",0.733023,0.040621,0.002875,2.77e-45
"66","rs3784789","Birthweight","PAslmM","C","G",0.340599,0.003873,0.002705,0.152143
"67","rs3806315","Birthweight","PAslmM","G","A",0.409033,-0.017678,0.002653,2.78e-11
"68","rs3918226","Birthweight","PAslmM","C","T",0.91946,0.01487,0.004793,0.001929
"69","rs40434","Birthweight","PAslmM","A","G",0.609243,-0.016702,0.00265,3e-10
"70","rs41311445","Birthweight","PAslmM","A","C",0.903353,0.032564,0.004469,3.33e-13
"71","rs41355649","Birthweight","PAslmM","G","A",0.934063,0.034243,0.00531,1.17e-10
"72","rs4144829","Birthweight","PAslmM","C","T",0.267142,0.035507,0.002915,4.32e-34
"73","rs4350272","Birthweight","PAslmM","A","G",0.269233,0.016999,0.002879,3.64e-09
"74","rs4444073","Birthweight","PAslmM","A","C",0.520477,0.020182,0.002551,2.69e-15
"75","rs45446698","Birthweight","PAslmM","T","G",0.958636,-0.024795,0.006602,0.000174
"76","rs4579095","Birthweight","PAslmM","A","G",0.598019,-0.002661,0.002671,0.319097
"77","rs4719648","Birthweight","PAslmM","T","C",0.423355,-0.019079,0.002606,2.57e-13
"78","rs4932373","Birthweight","PAslmM","A","C",0.679704,0.020084,0.002752,3.04e-13
"79","rs4953353","Birthweight","PAslmM","G","T",0.631578,0.017903,0.0027,3.45e-11
"80","rs5030317","Birthweight","PAslmM","C","G",0.732702,0.017273,0.002902,2.71e-09
"81","rs516246","Birthweight","PAslmM","C","T",0.506098,0.017505,0.002566,9.34e-12
"82","rs560887","Birthweight","PAslmM","T","C",0.299727,0.007649,0.00277,0.005776
"83","rs6026449","Birthweight","PAslmM","T","C",0.372918,-0.016962,0.002679,2.49e-10
"84","rs6040076","Birthweight","PAslmM","G","C",0.500098,-0.019018,0.002623,4.35e-13
"85","rs61830764","Birthweight","PAslmM","G","A",0.623067,-0.016623,0.002727,1.12e-09
"86","rs62496903","Birthweight","PAslmM","C","T",0.917392,-0.032797,0.004775,6.74e-12
"87","rs6467157","Birthweight","PAslmM","T","C",0.712892,0.019506,0.002887,1.47e-11
"88","rs6533183","Birthweight","PAslmM","C","T",0.352446,0.021786,0.002696,6.78e-16
"89","rs6569647","Birthweight","PAslmM","T","C",0.801856,0.020035,0.003238,6.31e-10
"90","rs6575803","Birthweight","PAslmM","C","T",0.895535,0.031625,0.004454,1.29e-12
"91","rs6582623","Birthweight","PAslmM","T","C",0.130797,-0.023591,0.003865,1.07e-09
"92","rs667515","Birthweight","PAslmM","G","C",0.61794,0.01845,0.002704,9.32e-12
"93","rs6845999","Birthweight","PAslmM","C","T",0.56879,-0.026255,0.002565,1.5e-24
"94","rs6930558","Birthweight","PAslmM","G","T",0.252922,-0.021812,0.002996,3.44e-13
"95","rs6995390","Birthweight","PAslmM","A","T",0.837064,-0.006146,0.003494,0.078539
"96","rs7076938","Birthweight","PAslmM","C","T",0.264688,-0.032051,0.002898,2.14e-28
"97","rs708122","Birthweight","PAslmM","C","A",0.68102,0.016508,0.002765,2.45e-09
"98","rs7223535","Birthweight","PAslmM","G","A",0.732138,0.02138,0.00291,2.12e-13
"99","rs72656010","Birthweight","PAslmM","T","C",0.868303,0.028319,0.003825,1.39e-13
"100","rs72760655","Birthweight","PAslmM","C","A",0.681143,0.00714,0.002778,0.010175
"101","rs73143584","Birthweight","PAslmM","G","A",0.889782,-0.028776,0.004278,1.8e-11
"102","rs732563","Birthweight","PAslmM","T","C",0.496105,-0.017423,0.002572,1.29e-11
"103","rs73354194","Birthweight","PAslmM","T","C",0.974784,-0.060799,0.008927,1.01e-11
"104","rs7402983","Birthweight","PAslmM","A","C",0.405324,0.024135,0.002685,2.63e-19
"105","rs75104038","Birthweight","PAslmM","G","A",0.940326,-0.044913,0.00552,4.28e-16
"106","rs753381","Birthweight","PAslmM","T","C",0.450563,0.01512,0.002557,3.43e-09
"107","rs75844534","Birthweight","PAslmM","C","A",0.876497,-0.02593,0.003941,4.9e-11
"108","rs76094073","Birthweight","PAslmM","C","G",0.87877,-0.026513,0.003933,1.63e-11
"109","rs76895963","Birthweight","PAslmM","T","G",0.97881,-0.076305,0.010414,2.45e-13
"110","rs7744700","Birthweight","PAslmM","T","A",0.710579,0.01985,0.002945,1.64e-11
"111","rs7819593","Birthweight","PAslmM","T","C",0.757083,-0.02178,0.003025,6.22e-13
"112","rs7854962","Birthweight","PAslmM","C","G",0.784812,0.021679,0.003184,1.02e-11
"113","rs7903146","Birthweight","PAslmM","C","T",0.715098,-0.011396,0.002817,5.27e-05
"114","rs7968682","Birthweight","PAslmM","G","T",0.48633,0.041831,0.002557,4.24e-60
"115","rs80278614","Birthweight","PAslmM","G","A",0.945468,-0.040367,0.005872,6.45e-12
"116","rs8106042","Birthweight","PAslmM","C","G",0.718496,-0.020444,0.002909,2.17e-12
"117","rs854037","Birthweight","PAslmM","A","G",0.814165,0.026507,0.003297,9.41e-16
"118","rs905938","Birthweight","PAslmM","T","C",0.738356,-0.026053,0.0029,2.77e-19
"119","rs9318511","Birthweight","PAslmM","A","C",0.126856,-0.026864,0.003902,5.98e-12
"120","rs9366778","Birthweight","PAslmM","G","A",0.62614,0.018043,0.00271,2.86e-11
"121","rs9379084","Birthweight","PAslmM","G","A",0.882647,0.021801,0.004118,1.22e-07
"122","rs9549046","Birthweight","PAslmM","A","G",0.117807,0.029115,0.004062,7.97e-13
"123","rs9645500","Birthweight","PAslmM","T","G",0.305613,-0.024297,0.002768,1.75e-18
"124","rs9855896","Birthweight","PAslmM","A","G",0.78555,-0.004173,0.003154,0.185794
"125","rs1012167","new_2023ISI_with_rsid","DXzjCV","T","C",0.6257,-0.0083,0.0065,0.2043
"126","rs10181515","new_2023ISI_with_rsid","DXzjCV","C","T",0.7582,-0.03,0.0075,5.756e-05
"127","rs10221267","new_2023ISI_with_rsid","DXzjCV","C","T",0.5287,-0.0067,0.0064,0.2979
"128","rs10265057","new_2023ISI_with_rsid","DXzjCV","A","G",0.9133,-5e-04,0.0117,0.9661
"129","rs10283100","new_2023ISI_with_rsid","DXzjCV","A","G",0.0672,1e-04,0.0136,0.9941
"130","rs10437653","new_2023ISI_with_rsid","DXzjCV","A","C",0.5476,-0.0076,0.0065,0.2451
"131","rs10495563","new_2023ISI_with_rsid","DXzjCV","G","A",0.3736,-0.0047,0.0066,0.4791
"132","rs10872678","new_2023ISI_with_rsid","DXzjCV","T","C",0.7002,0.0137,0.0069,0.0486
"133","rs10883846","new_2023ISI_with_rsid","DXzjCV","C","T",0.6478,0.0108,0.0066,0.1039
"134","rs10895278","new_2023ISI_with_rsid","DXzjCV","T","C",0.6636,0.0064,0.0069,0.3569
"135","rs10913200","new_2023ISI_with_rsid","DXzjCV","G","A",0.9716,0.0304,0.0219,0.1644
"136","rs10935733","new_2023ISI_with_rsid","DXzjCV","T","C",0.3875,0.0091,0.0068,0.1837
"137","rs10985827","new_2023ISI_with_rsid","DXzjCV","T","G",0.8545,-0.0099,0.0097,0.3077
"138","rs11042596","new_2023ISI_with_rsid","DXzjCV","T","G",0.3332,0.0129,0.007,0.06725
"139","rs11051061","new_2023ISI_with_rsid","DXzjCV","G","A",0.7387,0.0013,0.0079,0.8687
"140","rs11082304","new_2023ISI_with_rsid","DXzjCV","G","T",0.5064,-0.0049,0.0064,0.4465
"141","rs1112718","new_2023ISI_with_rsid","DXzjCV","A","G",0.6032,0.007,0.0064,0.2768
"142","rs112139215","new_2023ISI_with_rsid","DXzjCV","C","A",0.9383,-0.0044,0.0136,0.7461
"143","rs1129156","new_2023ISI_with_rsid","DXzjCV","T","C",0.2786,0.0131,0.0074,0.07492
"144","rs11641308","new_2023ISI_with_rsid","DXzjCV","T","C",0.3635,-0.01,0.0069,0.15
"145","rs116807401","new_2023ISI_with_rsid","DXzjCV","T","C",0.9825,-0.0168,0.0274,0.5395
"146","rs11698914","new_2023ISI_with_rsid","DXzjCV","C","G",0.2569,0.0051,0.0076,0.4999
"147","rs11708067","new_2023ISI_with_rsid","DXzjCV","A","G",0.7844,-0.0098,0.008,0.2188
"148","rs11711420","new_2023ISI_with_rsid","DXzjCV","T","G",0.7571,0.0069,0.0077,0.3678
"149","rs11867479","new_2023ISI_with_rsid","DXzjCV","C","T",0.6619,0.0083,0.0067,0.2183
"150","rs11983722","new_2023ISI_with_rsid","DXzjCV","A","T",0.9455,0.0195,0.0148,0.1881
"151","rs12401656","new_2023ISI_with_rsid","DXzjCV","G","A",0.869,-0.0062,0.0097,0.5229
"152","rs12461110","new_2023ISI_with_rsid","DXzjCV","G","A",0.6583,-0.007,0.0069,0.3136
"153","rs13257363","new_2023ISI_with_rsid","DXzjCV","G","A",0.589,-0.0161,0.0066,0.01533
"154","rs13266210","new_2023ISI_with_rsid","DXzjCV","A","G",0.7927,-0.0176,0.0081,0.02921
"155","rs13271368","new_2023ISI_with_rsid","DXzjCV","C","T",0.7499,-0.0041,0.0074,0.5773
"156","rs134594","new_2023ISI_with_rsid","DXzjCV","C","T",0.353,0.0111,0.0067,0.09972
"157","rs138715366","new_2023ISI_with_rsid","DXzjCV","C","T",0.9913,0.0296,0.0473,0.5315
"158","rs1411424","new_2023ISI_with_rsid","DXzjCV","G","A",0.4801,-0.0082,0.0065,0.2098
"159","rs147110934","new_2023ISI_with_rsid","DXzjCV","G","T",0.9784,0.0286,0.0285,0.3157
"160","rs1482852","new_2023ISI_with_rsid","DXzjCV","A","G",0.6077,-0.0121,0.0067,0.07273
"161","rs17033114","new_2023ISI_with_rsid","DXzjCV","T","C",0.9304,-0.0011,0.0142,0.9383
"162","rs17034876","new_2023ISI_with_rsid","DXzjCV","C","T",0.2953,0.0023,0.0073,0.7512
"163","rs17367504","new_2023ISI_with_rsid","DXzjCV","A","G",0.8405,-0.0035,0.0088,0.6904
"164","rs1818782","new_2023ISI_with_rsid","DXzjCV","A","C",0.3502,0.0059,0.0072,0.4094
"165","rs186606513","new_2023ISI_with_rsid","DXzjCV","G","A",0.977,-0.0024,0.0244,0.9217
"166","rs1981627","new_2023ISI_with_rsid","DXzjCV","A","G",0.3981,-0.0065,0.0066,0.3277
"167","rs2045457","new_2023ISI_with_rsid","DXzjCV","G","A",0.3497,-0.0049,0.0067,0.4674
"168","rs2168443","new_2023ISI_with_rsid","DXzjCV","T","A",0.38,0.0092,0.0066,0.1659
"169","rs220193","new_2023ISI_with_rsid","DXzjCV","A","G",0.2576,-0.0028,0.0076,0.7111
"170","rs222857","new_2023ISI_with_rsid","DXzjCV","C","T",0.4048,-0.0027,0.0065,0.6796
"171","rs2229742","new_2023ISI_with_rsid","DXzjCV","G","C",0.8887,0.024,0.0102,0.01881
"172","rs2237467","new_2023ISI_with_rsid","DXzjCV","G","A",0.7716,0.0061,0.0078,0.4321
"173","rs2280235","new_2023ISI_with_rsid","DXzjCV","A","G",0.7569,-0.0114,0.0077,0.1368
"174","rs2282978","new_2023ISI_with_rsid","DXzjCV","T","C",0.6725,-0.0123,0.0068,0.07234
"175","rs2306547","new_2023ISI_with_rsid","DXzjCV","C","T",0.5291,-0.0089,0.0065,0.1735
"176","rs2306700","new_2023ISI_with_rsid","DXzjCV","C","T",0.8596,0.0045,0.0097,0.6429
"177","rs2551347","new_2023ISI_with_rsid","DXzjCV","C","T",0.2263,-0.0095,0.0079,0.2272
"178","rs2779165","new_2023ISI_with_rsid","DXzjCV","G","C",0.1878,0.003,0.0085,0.7235
"179","rs28365970","new_2023ISI_with_rsid","DXzjCV","C","A",0.7397,0.0072,0.0074,0.3277
"180","rs28457693","new_2023ISI_with_rsid","DXzjCV","A","G",0.8838,0.0026,0.0102,0.7991
"181","rs28505901","new_2023ISI_with_rsid","DXzjCV","A","G",0.2697,0.0031,0.0079,0.6935
"182","rs2928148","new_2023ISI_with_rsid","DXzjCV","G","A",0.4447,-0.0039,0.0066,0.557
"183","rs2934844","new_2023ISI_with_rsid","DXzjCV","A","T",0.3088,-0.0029,0.0072,0.6851
"184","rs2946179","new_2023ISI_with_rsid","DXzjCV","T","C",0.2411,-0.0166,0.0075,0.02602
"185","rs3184504","new_2023ISI_with_rsid","DXzjCV","T","C",0.4608,-0.0089,0.0064,0.1667
"186","rs339969","new_2023ISI_with_rsid","DXzjCV","C","A",0.3588,-0.0043,0.0067,0.5237
"187","rs34471628","new_2023ISI_with_rsid","DXzjCV","A","G",0.9619,-0.0413,0.0175,0.01807
"188","rs34776209","new_2023ISI_with_rsid","DXzjCV","C","T",0.771,0.0066,0.0078,0.3953
"189","rs35261542","new_2023ISI_with_rsid","DXzjCV","C","A",0.7073,0.0086,0.0069,0.2157
"190","rs3784789","new_2023ISI_with_rsid","DXzjCV","C","G",0.3659,-0.0031,0.0066,0.6406
"191","rs3806315","new_2023ISI_with_rsid","DXzjCV","G","A",0.3935,-0.0099,0.0066,0.136
"192","rs3918226","new_2023ISI_with_rsid","DXzjCV","C","T",0.9198,0.0232,0.0121,0.05429
"193","rs40434","new_2023ISI_with_rsid","DXzjCV","A","G",0.5922,-0.0088,0.0066,0.1851
"194","rs41311445","new_2023ISI_with_rsid","DXzjCV","A","C",0.8831,0.0138,0.0104,0.1854
"195","rs41355649","new_2023ISI_with_rsid","DXzjCV","G","A",0.946,0.0407,0.0151,0.007107
"196","rs4144829","new_2023ISI_with_rsid","DXzjCV","C","T",0.2846,0.0084,0.0073,0.2468
"197","rs4350272","new_2023ISI_with_rsid","DXzjCV","A","G",0.2575,-0.0147,0.0073,0.0427
"198","rs4444073","new_2023ISI_with_rsid","DXzjCV","A","C",0.5302,0.009,0.0063,0.1553
"199","rs45446698","new_2023ISI_with_rsid","DXzjCV","T","G",0.9619,0.0143,0.018,0.4264
"200","rs4579095","new_2023ISI_with_rsid","DXzjCV","A","G",0.5939,0.0075,0.0066,0.2587
"201","rs4719648","new_2023ISI_with_rsid","DXzjCV","T","C",0.4307,-6e-04,0.0065,0.9269
"202","rs4932373","new_2023ISI_with_rsid","DXzjCV","A","C",0.6829,0.0151,0.007,0.03219
"203","rs4953353","new_2023ISI_with_rsid","DXzjCV","G","T",0.6268,0.0088,0.0067,0.1919
"204","rs5030317","new_2023ISI_with_rsid","DXzjCV","C","G",0.7453,0.0141,0.0076,0.06217
"205","rs516246","new_2023ISI_with_rsid","DXzjCV","C","T",0.5622,0.0025,0.0065,0.7022
"206","rs560887","new_2023ISI_with_rsid","DXzjCV","T","C",0.2997,0.0035,0.0069,0.6144
"207","rs6026449","new_2023ISI_with_rsid","DXzjCV","T","C",0.3825,0.0068,0.0067,0.3132
"208","rs6040076","new_2023ISI_with_rsid","DXzjCV","G","C",0.5191,0.0124,0.0066,0.06186
"209","rs61830764","new_2023ISI_with_rsid","DXzjCV","G","A",0.6038,-0.0085,0.0067,0.2074
"210","rs62496903","new_2023ISI_with_rsid","DXzjCV","C","T",0.9211,-0.0014,0.0126,0.9113
"211","rs6467157","new_2023ISI_with_rsid","DXzjCV","T","C",0.7458,0.0141,0.0077,0.06574
"212","rs6533183","new_2023ISI_with_rsid","DXzjCV","C","T",0.381,0.0055,0.0067,0.4147
"213","rs6569647","new_2023ISI_with_rsid","DXzjCV","T","C",0.8116,0.0112,0.0084,0.1812
"214","rs6575803","new_2023ISI_with_rsid","DXzjCV","C","T",0.8911,-0.0011,0.0109,0.9198
"215","rs6582623","new_2023ISI_with_rsid","DXzjCV","T","C",0.1187,-0.0043,0.0103,0.6769
"216","rs667515","new_2023ISI_with_rsid","DXzjCV","G","C",0.6293,0.0066,0.0068,0.3349
"217","rs6845999","new_2023ISI_with_rsid","DXzjCV","C","T",0.5509,-0.0122,0.0064,0.05802
"218","rs6930558","new_2023ISI_with_rsid","DXzjCV","G","T",0.2526,0.0155,0.0075,0.03768
"219","rs6995390","new_2023ISI_with_rsid","DXzjCV","A","T",0.8205,1e-04,0.0085,0.9906
"220","rs7076938","new_2023ISI_with_rsid","DXzjCV","C","T",0.2642,-0.0079,0.0073,0.2761
"221","rs708122","new_2023ISI_with_rsid","DXzjCV","C","A",0.6715,0.0073,0.0069,0.2933
"222","rs7223535","new_2023ISI_with_rsid","DXzjCV","G","A",0.734,0.026,0.0074,0.0004083
"223","rs72656010","new_2023ISI_with_rsid","DXzjCV","T","C",0.8653,0.0297,0.0096,0.001983
"224","rs72760655","new_2023ISI_with_rsid","DXzjCV","C","A",0.6802,0.0091,0.007,0.1967
"225","rs73143584","new_2023ISI_with_rsid","DXzjCV","G","A",0.8986,-0.0277,0.0115,0.01642
"226","rs732563","new_2023ISI_with_rsid","DXzjCV","T","C",0.4861,-0.0114,0.0065,0.08124
"227","rs73354194","new_2023ISI_with_rsid","DXzjCV","T","C",0.9684,-0.0123,0.0208,0.5551
"228","rs7402983","new_2023ISI_with_rsid","DXzjCV","A","C",0.394,0.0085,0.0067,0.2074
"229","rs75104038","new_2023ISI_with_rsid","DXzjCV","G","A",0.9463,-0.0278,0.015,0.06415
"230","rs753381","new_2023ISI_with_rsid","DXzjCV","T","C",0.4476,0.0163,0.0064,0.01132
"231","rs75844534","new_2023ISI_with_rsid","DXzjCV","C","A",0.8812,-0.0103,0.0101,0.3085
"232","rs76094073","new_2023ISI_with_rsid","DXzjCV","C","G",0.8713,-7e-04,0.0098,0.9431
"233","rs76895963","new_2023ISI_with_rsid","DXzjCV","T","G",0.977,-0.0774,0.0243,0.001456
"234","rs7744700","new_2023ISI_with_rsid","DXzjCV","T","A",0.699,-8e-04,0.0073,0.9122
"235","rs7819593","new_2023ISI_with_rsid","DXzjCV","T","C",0.6923,-0.0015,0.0073,0.8362
"236","rs7854962","new_2023ISI_with_rsid","DXzjCV","C","G",0.8038,0.0082,0.0083,0.3217
"237","rs7903146","new_2023ISI_with_rsid","DXzjCV","C","T",0.7437,0,0.0074,1
"238","rs7968682","new_2023ISI_with_rsid","DXzjCV","G","T",0.5002,0.0102,0.0063,0.1073
"239","rs80278614","new_2023ISI_with_rsid","DXzjCV","G","A",0.9119,0.0045,0.0121,0.7089
"240","rs8106042","new_2023ISI_with_rsid","DXzjCV","C","G",0.6878,0.0031,0.0072,0.6647
"241","rs854037","new_2023ISI_with_rsid","DXzjCV","A","G",0.8108,0.0146,0.0082,0.07404
"242","rs905938","new_2023ISI_with_rsid","DXzjCV","T","C",0.7428,7e-04,0.0074,0.9242
"243","rs9318511","new_2023ISI_with_rsid","DXzjCV","A","C",0.1254,-0.0049,0.0103,0.6349
"244","rs9366778","new_2023ISI_with_rsid","DXzjCV","G","A",0.5666,0.0091,0.0065,0.164
"245","rs9379084","new_2023ISI_with_rsid","DXzjCV","G","A",0.8889,0.0141,0.0104,0.176
"246","rs9549046","new_2023ISI_with_rsid","DXzjCV","A","G",0.1487,0.0073,0.0095,0.4423
"247","rs9645500","new_2023ISI_with_rsid","DXzjCV","T","G",0.2932,0.0123,0.007,0.08101
"248","rs9855896","new_2023ISI_with_rsid","DXzjCV","A","G",0.7932,0.0039,0.0081,0.6289
